time,title,text
CURRENT_TIMESTAMP,Major Event Shakes the Community,An important incident has occurred.
CURRENT_TIMESTAMP,Local Team Wins the Championship,Our team has triumphed in the finals.
CURRENT_TIMESTAMP,New Technology Changes the Industry,Innovative tech is set to transform practices.
CURRENT_TIMESTAMP,Health Tips for Winter Fitness,Here are some ways to stay active this winter.
CURRENT_TIMESTAMP,Art Exhibition Opens Downtown,Local artists showcase their work in a new venue.
CURRENT_TIMESTAMP,Experts Discuss Climate Change,Scientists emphasize the urgency of action.
CURRENT_TIMESTAMP,Community Garden Initiative Starts,Residents come together to grow fresh produce.
CURRENT_TIMESTAMP,Latest Bestsellers Reviewed,Check out this week’s top books.
CURRENT_TIMESTAMP,Top Travel Destinations for 2024,Plan your next vacation with these popular spots.
CURRENT_TIMESTAMP,Education Reforms Coming Soon,New policies aim to enhance learning experiences.
CURRENT_TIMESTAMP,Tech Giants Collaborate on AI,Leading companies join forces for innovation.
CURRENT_TIMESTAMP,Local Farmer's Market Every Saturday,Support local agriculture by visiting the market.
CURRENT_TIMESTAMP,Indie Films in This Year's Festival,Discover fresh talent at the upcoming film festival.
CURRENT_TIMESTAMP,New Infrastructure Project Announced,City officials reveal plans for modernization.
CURRENT_TIMESTAMP,Wildlife Conservation Efforts Increase,Organizations ramp up protection for endangered species.
CURRENT_TIMESTAMP,Latest Fashion Trends This Season,Stay stylish with these trending looks.
CURRENT_TIMESTAMP,Mental Health Awareness Month,Join the conversation and support mental wellness.
CURRENT_TIMESTAMP,Local History Exhibit Opens,Explore our community’s rich past at the museum.
CURRENT_TIMESTAMP,New Restaurant Features International Cuisine,Taste dishes from around the world at the new eatery.
CURRENT_TIMESTAMP,Technology Transforms Education,Innovations are reshaping the learning landscape.